CREATE TABLE Employee (
    EmployeeNumber INT PRIMARY KEY,
    Name VARCHAR(100),
    DateOfBirth DATE,
    Salary DECIMAL(10, 2),
    FullTime BOOLEAN
);

CREATE TABLE Project (
    ProjectID INT PRIMARY KEY,
    ProjectName VARCHAR(100),
    Description VARCHAR(255)
);

CREATE TABLE WorkAssignment (
    EmployeeNumber INT,
    ProjectID INT,
    FullDaysWorked INT,
    Manager INT,
    PRIMARY KEY (EmployeeNumber, ProjectID),
    FOREIGN KEY (EmployeeNumber) REFERENCES Employee(EmployeeNumber),
    FOREIGN KEY (ProjectID) REFERENCES Project(ProjectID),
    FOREIGN KEY (Manager) REFERENCES Employee(EmployeeNumber) -- Assuming manager is also an employee
);

CREATE TABLE Manager (
    ManagerID INT PRIMARY KEY,
    EmployeeNumber INT,
    FOREIGN KEY (EmployeeNumber) REFERENCES Employee(EmployeeNumber)
);

INSERT INTO Employee (EmployeeNumber, Name, DateOfBirth, Salary, FullTime)
VALUES 
(556138, 'Alan Stoner', '1971-09-11', 29500, FALSE),
(1079153, 'Alex Shuttleworth', '1969-12-18', 41000, TRUE),
(974650, 'Andrew Andrews', '1971-05-19', 40000, FALSE),
(702285, 'Andrew Casey', '1991-02-27', 29500, FALSE),
(660535, 'Andy Sutton', '1991-08-20', 34500, TRUE),
(1001174, 'Anthony Jackson', '1969-03-16', 41500, FALSE),
(885616, 'Anthony Lever', '1977-06-01', 35000, TRUE),
(777838, 'Antony Fletcher', '1970-08-27', 35500, FALSE),
(707478, 'Asaf Burdon', '1959-05-08', 37500, FALSE),
(879579, 'Barry Lowry', '1988-04-29', 54500, FALSE),
(951167, 'Barry Smith', '1993-05-13', 50000, TRUE),
(1096616, 'Bob Brooks', '1979-02-24', 43500, FALSE),
(1041840, 'Brendon Hammond', '1989-12-30', 45500, FALSE),
(799872, 'Brian Vance', '1967-12-31', 46500, FALSE),
(990066, 'Catherine Donnelly', '1987-11-25', 15000, FALSE),
(803322, 'Chad Huke', '1976-09-28', 46000, TRUE),
(712703, 'Charlene Everitt', '1974-01-14', 38500, TRUE),
(717914, 'Chris Worth', '1993-06-26', 30000, TRUE),
(731698, 'Christien Jones', '1970-05-28', 19500, TRUE),
(1023907, 'Christopher Weight', '1984-05-19', 34000, TRUE),
(968329, 'Claire Cole', '1974-02-05', 38000, FALSE),
(758563, 'Colin Sommerville', '1994-06-02', 19500, TRUE),
(805642, 'David Hughes', '1969-05-12', 32500, TRUE),
(866107, 'David Scott-Mullen', '1982-11-29', 48500, TRUE),
(902057, 'David Varnam', '1971-11-01', 43500, TRUE),
(584676, 'Donna Talbot', '1990-07-11', 34500, FALSE),
(808745, 'Emad Miah', '1988-02-15', 46000, TRUE),
(760034, 'F Horan', '1994-04-18', 22000, FALSE),
(1021846, 'Fiona Scott-Mullen', '1979-01-28', 50500, FALSE),
(709496, 'Gary Berry', '1992-10-28', 49000, FALSE),
(891071, 'Gillian Botwright', '1979-10-22', 52000, TRUE),
(868829, 'Ian Al-Boucari', '1982-11-24', 52500, TRUE),
(562899, 'Jack Nazemian', '1985-02-27', 19000, TRUE),
(946955, 'Janett Reed', '1971-06-24', 17500, FALSE),
(576444, 'Jemma Centraco', '1971-09-05', 51000, FALSE),
(1059915, 'Joanna Cambridge', '1971-01-06', 30500, FALSE),
(695695, 'John Barker', '1993-11-01', 43000, FALSE),
(878964, 'John Exchange Ltd', '1981-09-17', 40000, FALSE),
(1006744, 'John Harris', '1977-06-01', 43500, TRUE),
(1100899, 'John Shahban', '1979-05-25', 48000, FALSE),
(755029, 'Johnathon Bushby', '1986-04-30', 35000, TRUE),
(865143, 'Jon Clarke', '1978-06-29', 33500, TRUE),
(1011011, 'Julia Maxwell', '1970-04-02', 52500, TRUE),
(636337, 'Kevin Ryan', '1968-10-06', 22000, TRUE),
(811607, 'Lisa MacLeod', '1967-11-08', 53000, TRUE),
(1069386, 'Lucy Duong', '1990-04-30', 51000, FALSE),
(1072261, 'Marcell Avery', '1990-08-04', 49000, TRUE),
(681180, 'Marcin Hatch', '1979-12-14', 44500, FALSE),
(866637, 'Mark Taylor', '1968-02-20', 54000, FALSE),
(558341, 'Mark Titford', '1984-03-23', 51000, FALSE),
(775604, 'Martin Laing', '1976-10-05', 26500, TRUE),
(753380, 'Martin Stewart', '1979-04-23', 52500, FALSE),
(578543, 'Matthew Forsyth', '1968-11-06', 51000, TRUE),
(1015601, 'Michael Jepson', '1993-06-17', 26500, FALSE),
(1006855, 'Michael White', '1980-04-13', 13500, TRUE),
(962250, 'Mike Driver', '1975-12-17', 36500, TRUE),
(919422, 'Nicola Hollis', '1990-02-17', 15500, TRUE),
(939895, 'Oliver Woolhouse', '1979-04-15', 25500, FALSE),
(780855, 'Paul Agg', '1990-01-27', 49000, FALSE),
(870849, 'Paul Atkins', '1990-08-01', 40000, FALSE),
(867181, 'Paul Freeman', '1988-11-29', 10500, TRUE),
(795323, 'Paul Hewitt', '1974-07-27', 38000, TRUE),
(670775, 'Paul Ripley', '1980-04-04', 36500, FALSE),
(845722, 'Paul Robinson', '1989-12-11', 25500, FALSE),
(574830, 'Paul Taylor', '1970-05-19', 29500, TRUE),
(1075388, 'Peter Morris', '1979-11-02', 49500, FALSE),
(569515, 'Philip Green', '1972-12-18', 50500, TRUE),
(852696, 'Ray Dewson', '1980-03-20', 39000, FALSE),
(655633, 'Rebecca Maisuria', '1970-05-04', 40000, FALSE),
(1061465, 'Richard Campbell', '1968-06-01', 27000, FALSE),
(948313, 'Richard Morrison', '1988-06-13', 37000, FALSE),
(796396, 'Robert Heath', '1978-05-02', 51000, FALSE),
(1012836, 'Ronald Coleing', '1992-10-17', 24500, TRUE),
(1064686, 'Ronald Porter', '1972-05-09', 13000, TRUE),
(1001202, 'Rosemary Weiss', '1989-05-29', 19500, TRUE),
(873702, 'Rudi Mathew', '1977-05-18', 47500, FALSE),
(1072460, 'Sandy Licence', '1987-03-29', 37500, TRUE),
(969180, 'Sarah Dasandi', '1996-03-08', 42000, TRUE),
(703988, 'Sarah Issele', '1978-03-13', 51500, TRUE),
(1035063, 'Sarah Lukasiewicz', '1971-04-27', 33000, TRUE),
(1071785, 'Scott Patel', '1975-07-15', 13000, TRUE),
(756985, 'Sean Cocks', '1989-05-14', 42000, TRUE),
(643745, 'Shaun Bowman', '1988-09-18', 51000, TRUE),
(949717, 'Shirley Burdett', '1975-01-15', 27000, FALSE),
(899175, 'Stephen Hanson', '1987-10-17', 28500, FALSE),
(844811, 'Steve Atkinsion', '1983-02-22', 48000, TRUE),
(871806, 'Steve Malcolmson', '1978-02-18', 38000, FALSE),
(850978, 'Steve Newton', '1991-11-24', 51000, TRUE),
(994741, 'Stuart Haseltine', '1989-07-17', 34500, FALSE),
(634081, 'Sue Shakespeare', '1971-06-16', 29000, FALSE),
(642968, 'Surinder Atkins', '1969-06-09', 48000, FALSE),
(942587, 'Susan Tessadri', '1972-10-22', 34000, FALSE),
(948513, 'Tony Matthews', '1985-05-21', 37500, FALSE),
(627272, 'Tracy Vratchovski', '1968-10-23', 39500, FALSE),
(1100415, 'Tracy Weed', '1993-08-05', 53500, TRUE),
(754455, 'Trevor Oates', '1971-07-07', 36500, TRUE),
(748313, 'Trevor Oldham', '1981-03-30', 49500, FALSE),
(902735, 'Una Brooks', '1980-11-01', 25500, TRUE),
(567598, 'Wayne Dewan', '1986-07-21', 46000, TRUE);

INSERT INTO Project (ProjectID, ProjectName, Description)
VALUES 
(1, 'Win', 'Win Wimbledon'),
(2, 'Zoom', 'Break the speed of light'),
(3, 'Gold', 'Turn lead into gold'),
(4, 'Dinner', 'Have a nice dinner'),
(5, 'Thrust', 'Build a rocket to the moon'),
(6, 'Kitten', 'Invent a Robot Kitten');

INSERT INTO WorkAssignment (EmployeeNumber, ProjectID, FullDaysWorked, Manager)
VALUES
(556138, 1, 100, 556138),
(556138, 2, 450, 974650),
(1079153, 1, 100, 556138),
(1079153, 3, 500, 660535),
(974650, 2, 450, 974650),
(974650, 4, 12, 799872),
(1001174, 2, 450, 974650),
(1001174, 4, 12, 799872),
(885616, 3, 500, 660535),
(885616, 2, 450, 974650),
(777838, 5, 300, 968329),
(777838, 1, 100, 556138),
(707478, 2, 450, 974650),
(707478, 1, 100, 556138),
(879579, 5, 300, 968329),
(879579, 3, 500, 660535),
(951167, 2, 450, 974650),
(951167, 1, 100, 556138),
(1096616, 2, 450, 974650),
(1096616, 1, 100, 556138),
(1041840, 5, 300, 968329),
(1041840, 1, 100, 556138),
(799872, 3, 500, 660535),
(799872, 4, 12, 799872),
(990066, 5, 300, 968329),
(990066, 3, 500, 660535),
(803322, 1, 100, 556138),
(803322, 2, 450, 974650),
(712703, 5, 300, 968329),
(712703, 2, 450, 974650),
(717914, 6, 320, 946955),
(717914, 1, 100, 556138),
(731698, 6, 320, 946955),
(731698, 4, 12, 799872),
(1023907, 3, 500, 660535),
(1023907, 6, 320, 946955),
(968329, 2, 450, 974650),
(968329, 4, 12, 799872),
(758563, 5, 300, 968329),
(758563, 6, 320, 946955),
(805642, 4, 12, 799872),
(805642, 2, 450, 974650),
(866107, 5, 300, 968329),
(866107, 3, 500, 660535),
(902057, 4, 12, 799872),
(902057, 2, 450, 974650),
(584676, 3, 500, 660535),
(584676, 2, 450, 974650),
(808745, 3, 500, 660535),
(808745, 2, 450, 974650),
(760034, 5, 300, 968329),
(760034, 6, 320, 946955),
(1021846, 3, 500, 660535),
(1021846, 6, 320, 946955),
(709496, 4, 12, 799872),
(709496, 2, 450, 974650),
(891071, 6, 320, 946955),
(891071, 5, 300, 968329),
(868829, 6, 320, 946955),
(868829, 4, 12, 799872),
(562899, 2, 450, 974650),
(562899, 4, 12, 799872),
(946955, 3, 500, 660535),
(946955, 2, 450, 974650),
(576444, 1, 100, 556138),
(576444, 6, 320, 946955),
(1059915, 2, 450, 974650),
(1059915, 6, 320, 946955),
(695695, 5, 300, 968329),
(695695, 2, 450, 974650),
(878964, 3, 500, 660535),
(878964, 4, 12, 799872),
(1006744, 6, 320, 946955),
(1006744, 5, 300, 968329),
(1100899, 4, 12, 799872),
(1100899, 3, 500, 660535),
(755029, 4, 12, 799872),
(755029, 3, 500, 660535),
(865143, 2, 450, 974650),
(865143, 6, 320, 946955),
(1011011, 3, 500, 660535),
(1011011, 4, 12, 799872),
(636337, 5, 300, 968329),
(636337, 2, 450, 974650),
(811607, 1, 100, 556138),
(811607, 4, 12, 799872),
(1069386, 6, 320, 946955),
(1069386, 3, 500, 660535),
(1072261, 1, 100, 556138),
(1072261, 3, 500, 660535),
(681180, 5, 300, 968329),
(681180, 2, 450, 974650),
(866637, 1, 100, 556138),
(866637, 5, 300, 968329),
(558341, 1, 100, 556138),
(558341, 6, 320, 946955),
(775604, 2, 450, 974650),
(775604, 3, 500, 660535),
(753380, 4, 12, 799872),
(753380, 5, 300, 968329),
(578543, 1, 100, 556138),
(578543, 3, 500, 660535),
(1015601, 2, 450, 974650),
(1015601, 5, 300, 968329),
(1006855, 2, 450, 974650),
(1006855, 4, 12, 799872),
(962250, 5, 300, 968329),
(962250, 1, 100, 556138),
(919422, 4, 12, 799872),
(919422, 2, 450, 974650),
(939895, 1, 100, 556138),
(939895, 5, 300, 968329),
(780855, 2, 450, 974650),
(780855, 1, 100, 556138),
(870849, 4, 12, 799872),
(870849, 6, 320, 946955),
(867181, 5, 300, 968329),
(867181, 4, 12, 799872),
(795323, 1, 100, 556138),
(795323, 2, 450, 974650),
(670775, 6, 320, 946955),
(670775, 4, 12, 799872),
(845722, 3, 500, 660535),
(845722, 5, 300, 968329),
(574830, 1, 100, 556138),
(574830, 4, 12, 799872),
(1075388, 1, 100, 556138),
(1075388, 4, 12, 799872),
(569515, 5, 300, 968329),
(569515, 2, 450, 974650),
(852696, 5, 300, 968329),
(852696, 3, 500, 660535),
(655633, 6, 320, 946955),
(655633, 5, 300, 968329),
(1061465, 2, 450, 974650),
(1061465, 5, 300, 968329),
(948313, 4, 12, 799872),
(948313, 1, 100, 556138),
(796396, 4, 12, 799872),
(796396, 6, 320, 946955),
(1012836, 1, 100, 556138),
(1012836, 5, 300, 968329),
(1064686, 1, 100, 556138),
(1064686, 4, 12, 799872),
(1001202, 2, 450, 974650),
(1001202, 5, 300, 968329),
(873702, 2, 450, 974650),
(873702, 1, 100, 556138),
(1072460, 2, 450, 974650),
(1072460, 5, 300, 968329),
(969180, 2, 450, 974650),
(969180, 5, 300, 968329),
(703988, 4, 12, 799872),
(703988, 2, 450, 974650),
(1035063, 6, 320, 946955),
(1035063, 1, 100, 556138),
(1071785, 4, 12, 799872),
(1071785, 5, 300, 968329),
(756985, 3, 500, 660535),
(756985, 5, 300, 968329),
(643745, 4, 12, 799872),
(643745, 2, 450, 974650),
(949717, 6, 320, 946955),
(949717, 5, 300, 968329),
(899175, 4, 12, 799872),
(899175, 6, 320, 946955),
(844811, 2, 450, 974650),
(844811, 6, 320, 946955),
(871806, 3, 500, 660535),
(871806, 1, 100, 556138),
(850978, 4, 12, 799872),
(850978, 2, 450, 974650),
(994741, 6, 320, 946955),
(994741, 5, 300, 968329),
(634081, 4, 12, 799872),
(634081, 6, 320, 946955),
(642968, 3, 500, 660535),
(642968, 1, 100, 556138),
(942587, 2, 450, 974650),
(942587, 3, 500, 660535),
(948513, 1, 100, 556138),
(948513, 5, 300, 968329),
(627272, 6, 320, 946955),
(627272, 1, 100, 556138),
(1100415, 3, 500, 660535),
(1100415, 2, 450, 974650),
(754455, 3, 500, 660535),
(754455, 4, 12, 799872),
(748313, 6, 320, 946955),
(748313, 1, 100, 556138),
(902735, 5, 300, 968329),
(902735, 1, 100, 556138),
(567598, 6, 320, 946955),
(567598, 4, 12, 799872);

INSERT INTO Manager (ManagerID, EmployeeNumber)
VALUES
(1, 556138),
(2, 660535),
(3, 799872),
(4, 968329),
(5, 979872);